"Data","USD_BRL"
"31.12.2019",4.0195
"30.12.2019",4.0195
"27.12.2019",4.046
"26.12.2019",4.056
"25.12.2019",4.0838
"24.12.2019",4.0838
"23.12.2019",4.0835
"20.12.2019",4.1025
"19.12.2019",4.0697
"18.12.2019",4.0634
"17.12.2019",4.0719
"16.12.2019",4.0632
"13.12.2019",4.1082
"12.12.2019",4.0908
"11.12.2019",4.1242
"10.12.2019",4.147
"09.12.2019",4.1425
"06.12.2019",4.1414
"05.12.2019",4.186
"04.12.2019",4.208
"03.12.2019",4.2066
"02.12.2019",4.2234
"29.11.2019",4.2367
"28.11.2019",4.1902
"27.11.2019",4.2638
"26.11.2019",4.2332
"25.11.2019",4.2268
"22.11.2019",4.1966
"21.11.2019",4.1932
"20.11.2019",4.1965
"19.11.2019",4.1945
"18.11.2019",4.218
"15.11.2019",4.1962
"14.11.2019",4.1951
"13.11.2019",4.1704
"12.11.2019",4.1677
"11.11.2019",4.1518
"08.11.2019",4.1635
"07.11.2019",4.1007
"06.11.2019",4.0836
"05.11.2019",3.9937
"04.11.2019",4.0156
"01.11.2019",3.9903
"31.10.2019",4.0184
"30.10.2019",3.9909
"29.10.2019",3.9986
"28.10.2019",3.991
"25.10.2019",4.0038
"24.10.2019",4.0415
"23.10.2019",4.0346
"22.10.2019",4.0819
"21.10.2019",4.1293
"18.10.2019",4.1117
"17.10.2019",4.1643
"16.10.2019",4.1518
"15.10.2019",4.1807
"14.10.2019",4.1265
"11.10.2019",4.1097
"10.10.2019",4.1095
"09.10.2019",4.1104
"08.10.2019",4.0954
"07.10.2019",4.1071
"04.10.2019",4.0556
"03.10.2019",4.0841
"02.10.2019",4.1293
"01.10.2019",4.159
"30.09.2019",4.1556
"27.09.2019",4.1602
"26.09.2019",4.1711
"25.09.2019",4.149
"24.09.2019",4.165
"23.09.2019",4.1638
"20.09.2019",4.148
"19.09.2019",4.1678
"18.09.2019",4.1112
"17.09.2019",4.0777
"16.09.2019",4.081
"13.09.2019",4.0849
"12.09.2019",4.0608
"11.09.2019",4.068
"10.09.2019",4.0808
"09.09.2019",4.0953
"06.09.2019",4.0618
"05.09.2019",4.1094
"04.09.2019",4.095
"03.09.2019",4.1681
"02.09.2019",4.1871
"30.08.2019",4.1453
"29.08.2019",4.1688
"28.08.2019",4.1682
"27.08.2019",4.1311
"26.08.2019",4.1571
"23.08.2019",4.1198
"22.08.2019",4.0706
"21.08.2019",4.0269
"20.08.2019",4.0542
"19.08.2019",4.0743
"16.08.2019",4.0058
"15.08.2019",3.991
"14.08.2019",4.0526
"13.08.2019",3.966
"12.08.2019",3.9855
"09.08.2019",3.9416
"08.08.2019",3.9199
"07.08.2019",3.9691
"06.08.2019",3.9612
"05.08.2019",3.9783
"02.08.2019",3.8893
"01.08.2019",3.8403
"31.07.2019",3.8129
"30.07.2019",3.7906
"29.07.2019",3.7816
"26.07.2019",3.7761
"25.07.2019",3.779
"24.07.2019",3.7736
"23.07.2019",3.7737
"22.07.2019",3.7407
"19.07.2019",3.7494
"18.07.2019",3.7193
"17.07.2019",3.7641
"16.07.2019",3.7687
"15.07.2019",3.7567
"12.07.2019",3.7373
"11.07.2019",3.7551
"10.07.2019",3.7546
"09.07.2019",3.8005
"08.07.2019",3.8073
"05.07.2019",3.8221
"04.07.2019",3.8011
"03.07.2019",3.8272
"02.07.2019",3.8456
"01.07.2019",3.8405
"28.06.2019",3.852
"27.06.2019",3.8196
"26.06.2019",3.8445
"25.06.2019",3.848
"24.06.2019",3.8254
"21.06.2019",3.8192
"20.06.2019",3.839
"19.06.2019",3.839
"18.06.2019",3.8603
"17.06.2019",3.8883
"14.06.2019",3.8958
"13.06.2019",3.8487
"12.06.2019",3.8672
"11.06.2019",3.8571
"10.06.2019",3.8887
"07.06.2019",3.8789
"06.06.2019",3.8798
"05.06.2019",3.8811
"04.06.2019",3.8548
"03.06.2019",3.8859
"31.05.2019",3.9228
"30.05.2019",3.9818
"29.05.2019",3.9747
"28.05.2019",4.0247
"27.05.2019",4.0423
"24.05.2019",4.0225
"23.05.2019",4.0401
"22.05.2019",4.0403
"21.05.2019",4.039
"20.05.2019",4.0968
"17.05.2019",4.0999
"16.05.2019",4.0469
"15.05.2019",4.0017
"14.05.2019",3.9751
"13.05.2019",3.9939
"10.05.2019",3.9572
"09.05.2019",3.9466
"08.05.2019",3.9285
"07.05.2019",3.971
"06.05.2019",3.9695
"03.05.2019",3.9382
"02.05.2019",3.9661
"01.05.2019",3.9202
"30.04.2019",3.9215
"29.04.2019",3.9456
"26.04.2019",3.9293
"25.04.2019",3.9542
"24.04.2019",3.9927
"23.04.2019",3.9211
"22.04.2019",3.9365
"19.04.2019",3.9275
"18.04.2019",3.9274
"17.04.2019",3.9382
"16.04.2019",3.904
"15.04.2019",3.8723
"12.04.2019",3.8819
"11.04.2019",3.8582
"10.04.2019",3.8251
"09.04.2019",3.851
"08.04.2019",3.8495
"05.04.2019",3.8735
"04.04.2019",3.859
"03.04.2019",3.87
"02.04.2019",3.8537
"01.04.2019",3.8518
"29.03.2019",3.9247
"28.03.2019",3.901
"27.03.2019",3.9935
"26.03.2019",3.8773
"25.03.2019",3.8544
"22.03.2019",3.9071
"21.03.2019",3.793
"20.03.2019",3.7763
"19.03.2019",3.7891
"18.03.2019",3.7915
"15.03.2019",3.8144
"14.03.2019",3.8443
"13.03.2019",3.8147
"12.03.2019",3.8114
"11.03.2019",3.8403
"08.03.2019",3.8668
"07.03.2019",3.8704
"06.03.2019",3.8401
"05.03.2019",3.7755
"04.03.2019",3.7755
"01.03.2019",3.7752
"28.02.2019",3.7514
"27.02.2019",3.7287
"26.02.2019",3.7489
"25.02.2019",3.7521
"22.02.2019",3.7485
"21.02.2019",3.7696
"20.02.2019",3.7277
"19.02.2019",3.7231
"18.02.2019",3.7353
"15.02.2019",3.7008
"14.02.2019",3.7233
"13.02.2019",3.7544
"12.02.2019",3.7098
"11.02.2019",3.7577
"08.02.2019",3.7292
"07.02.2019",3.7167
"06.02.2019",3.6983
"05.02.2019",3.6698
"04.02.2019",3.6687
"01.02.2019",3.6597
"31.01.2019",3.644
"30.01.2019",3.685
"29.01.2019",3.7202
"28.01.2019",3.7619
"25.01.2019",3.7708
"24.01.2019",3.7733
"23.01.2019",3.7663
"22.01.2019",3.8152
"21.01.2019",3.755
"18.01.2019",3.7517
"17.01.2019",3.7504
"16.01.2019",3.7366
"15.01.2019",3.7172
"14.01.2019",3.6991
"11.01.2019",3.7113
"10.01.2019",3.7105
"09.01.2019",3.6807
"08.01.2019",3.7133
"07.01.2019",3.7356
"04.01.2019",3.7155
"03.01.2019",3.7565
"02.01.2019",3.79
"01.01.2019",3.8813
"31.12.2018",3.8813
"28.12.2018",3.8813
"27.12.2018",3.8735
"26.12.2018",3.922
"25.12.2018",3.904
"24.12.2018",3.904
"21.12.2018",3.904
"20.12.2018",3.8422
"19.12.2018",3.8977
"18.12.2018",3.9124
"17.12.2018",3.8995
"14.12.2018",3.9171
"13.12.2018",3.8911
"12.12.2018",3.8555
"11.12.2018",3.904
"10.12.2018",3.9181
"07.12.2018",3.9075
"06.12.2018",3.8793
"05.12.2018",3.8686
"04.12.2018",3.8525
"03.12.2018",3.8423
"30.11.2018",3.8669
"29.11.2018",3.8527
"28.11.2018",3.851
"27.11.2018",3.8752
"26.11.2018",3.941
"23.11.2018",3.8283
"22.11.2018",3.8045
"21.11.2018",3.7976
"20.11.2018",3.7572
"19.11.2018",3.757
"16.11.2018",3.7435
"15.11.2018",3.7843
"14.11.2018",3.7841
"13.11.2018",3.8032
"12.11.2018",3.7675
"09.11.2018",3.7335
"08.11.2018",3.7605
"07.11.2018",3.7318
"06.11.2018",3.7615
"05.11.2018",3.7262
"02.11.2018",3.6968
"01.11.2018",3.7012
"31.10.2018",3.722
"30.10.2018",3.6974
"29.10.2018",3.7187
"26.10.2018",3.6429
"25.10.2018",3.7058
"24.10.2018",3.735
"23.10.2018",3.6942
"22.10.2018",3.686
"19.10.2018",3.7149
"18.10.2018",3.7216
"17.10.2018",3.6875
"16.10.2018",3.7252
"15.10.2018",3.7357
"12.10.2018",3.783
"11.10.2018",3.7812
"10.10.2018",3.7555
"09.10.2018",3.7155
"08.10.2018",3.779
"05.10.2018",3.8413
"04.10.2018",3.8745
"03.10.2018",3.9015
"02.10.2018",3.9414
"01.10.2018",4.0181
"28.09.2018",4.0491
"27.09.2018",4.0123
"26.09.2018",4.0322
"25.09.2018",4.0757
"24.09.2018",4.0928
"21.09.2018",4.0516
"20.09.2018",4.0771
"19.09.2018",4.1315
"18.09.2018",4.1604
"17.09.2018",4.1324
"14.09.2018",4.1742
"13.09.2018",4.2077
"12.09.2018",4.1579
"11.09.2018",4.1535
"10.09.2018",4.0867
"07.09.2018",4.0597
"06.09.2018",4.059
"05.09.2018",4.1466
"04.09.2018",4.1602
"03.09.2018",4.159
"31.08.2018",4.0556
"30.08.2018",4.1495
"29.08.2018",4.1074
"28.08.2018",4.1342
"27.08.2018",4.0775
"24.08.2018",4.102
"23.08.2018",4.1155
"22.08.2018",4.0425
"21.08.2018",4.0477
"20.08.2018",3.97
"17.08.2018",3.9116
"16.08.2018",3.9072
"15.08.2018",3.9055
"14.08.2018",3.8673
"13.08.2018",3.884
"10.08.2018",3.8596
"09.08.2018",3.8015
"08.08.2018",3.7721
"07.08.2018",3.7515
"06.08.2018",3.7363
"03.08.2018",3.708
"02.08.2018",3.7503
"01.08.2018",3.7499
"31.07.2018",3.7563
"30.07.2018",3.7307
"27.07.2018",3.7114
"26.07.2018",3.7462
"25.07.2018",3.6886
"24.07.2018",3.7481
"23.07.2018",3.7826
"20.07.2018",3.7681
"19.07.2018",3.8295
"18.07.2018",3.8512
"17.07.2018",3.8388
"16.07.2018",3.8605
"13.07.2018",3.8518
"12.07.2018",3.8822
"11.07.2018",3.8773
"10.07.2018",3.8152
"09.07.2018",3.8727
"06.07.2018",3.8628
"05.07.2018",3.9327
"04.07.2018",3.9137
"03.07.2018",3.8975
"02.07.2018",3.9129
"29.06.2018",3.8771
"28.06.2018",3.8624
"27.06.2018",3.8628
"26.06.2018",3.8016
"25.06.2018",3.7767
"22.06.2018",3.786
"21.06.2018",3.7691
"20.06.2018",3.7715
"19.06.2018",3.7471
"18.06.2018",3.747
"15.06.2018",3.7296
"14.06.2018",3.806
"13.06.2018",3.7201
"12.06.2018",3.7185
"11.06.2018",3.7097
"08.06.2018",3.7094
"07.06.2018",3.9078
"06.06.2018",3.8488
"05.06.2018",3.8068
"04.06.2018",3.7468
"01.06.2018",3.7633
"31.05.2018",3.7235
"30.05.2018",3.7241
"29.05.2018",3.7254
"28.05.2018",3.7352
"25.05.2018",3.6524
"24.05.2018",3.6496
"23.05.2018",3.6288
"22.05.2018",3.6448
"21.05.2018",3.6772
"18.05.2018",3.737
"17.05.2018",3.6966
"16.05.2018",3.6761
"15.05.2018",3.654
"14.05.2018",3.6231
"11.05.2018",3.5999
"10.05.2018",3.5502
"09.05.2018",3.5924
"08.05.2018",3.5636
"07.05.2018",3.5534
"04.05.2018",3.5303
"03.05.2018",3.5282
"02.05.2018",3.5518
"01.05.2018",3.5076
"30.04.2018",3.5072
"27.04.2018",3.4568
"26.04.2018",3.4755
"25.04.2018",3.485
"24.04.2018",3.4714
"23.04.2018",3.4527
"20.04.2018",3.413
"19.04.2018",3.3885
"18.04.2018",3.3805
"17.04.2018",3.408
"16.04.2018",3.4194
"13.04.2018",3.4223
"12.04.2018",3.4133
"11.04.2018",3.3746
"10.04.2018",3.4088
"09.04.2018",3.42
"06.04.2018",3.3697
"05.04.2018",3.3449
"04.04.2018",3.3297
"03.04.2018",3.3413
"02.04.2018",3.3112
"30.03.2018",3.3051
"29.03.2018",3.306
"28.03.2018",3.3205
"27.03.2018",3.3288
"26.03.2018",3.3119
"23.03.2018",3.3123
"22.03.2018",3.3159
"21.03.2018",3.2725
"20.03.2018",3.3117
"19.03.2018",3.2862
"16.03.2018",3.2811
"15.03.2018",3.2862
"14.03.2018",3.2607
"13.03.2018",3.2607
"12.03.2018",3.2622
"09.03.2018",3.2553
"08.03.2018",3.2669
"07.03.2018",3.2454
"06.03.2018",3.2117
"05.03.2018",3.243
"02.03.2018",3.2528
"01.03.2018",3.2515
"28.02.2018",3.2462
"27.02.2018",3.2516
"26.02.2018",3.2258
"23.02.2018",3.2379
"22.02.2018",3.2502
"21.02.2018",3.2692
"20.02.2018",3.2557
"19.02.2018",3.2346
"16.02.2018",3.2312
"15.02.2018",3.2279
"14.02.2018",3.2174
"13.02.2018",3.2957
"12.02.2018",3.2954
"09.02.2018",3.2942
"08.02.2018",3.2858
"07.02.2018",3.2714
"06.02.2018",3.2348
"05.02.2018",3.2625
"02.02.2018",3.2181
"01.02.2018",3.1669
"31.01.2018",3.1859
"30.01.2018",3.1812
"29.01.2018",3.155
"26.01.2018",3.151
"25.01.2018",3.1485
"24.01.2018",3.1465
"23.01.2018",3.237
"22.01.2018",3.2021
"19.01.2018",3.1962
"18.01.2018",3.2065
"17.01.2018",3.2238
"16.01.2018",3.2243
"15.01.2018",3.2163
"12.01.2018",3.2064
"11.01.2018",3.2155
"10.01.2018",3.2283
"09.01.2018",3.2483
"08.01.2018",3.2407
"05.01.2018",3.2292
"04.01.2018",3.2346
"03.01.2018",3.237
"02.01.2018",3.2591
"01.01.2018",3.3125
"29.12.2017",3.3125
"28.12.2017",3.3125
"27.12.2017",3.315
"26.12.2017",3.3111
"25.12.2017",3.337
"22.12.2017",3.337
"21.12.2017",3.3084
"20.12.2017",3.2979
"19.12.2017",3.29
"18.12.2017",3.2923
"15.12.2017",3.2947
"14.12.2017",3.3419
"13.12.2017",3.31
"12.12.2017",3.3065
"11.12.2017",3.3048
"08.12.2017",3.2919
"07.12.2017",3.2907
"06.12.2017",3.2357
"05.12.2017",3.2418
"04.12.2017",3.2442
"01.12.2017",3.2581
"30.11.2017",3.2727
"29.11.2017",3.2461
"28.11.2017",3.2131
"27.11.2017",3.2278
"24.11.2017",3.233
"23.11.2017",3.2219
"22.11.2017",3.2243
"21.11.2017",3.2588
"20.11.2017",3.2574
"17.11.2017",3.2574
"16.11.2017",3.274
"15.11.2017",3.3133
"14.11.2017",3.3131
"13.11.2017",3.2794
"10.11.2017",3.2779
"09.11.2017",3.2521
"08.11.2017",3.2548
"07.11.2017",3.2714
"06.11.2017",3.2495
"03.11.2017",3.3144
"02.11.2017",3.268
"01.11.2017",3.2677
"31.10.2017",3.2727
"30.10.2017",3.2891
"27.10.2017",3.2363
"26.10.2017",3.2906
"25.10.2017",3.2332
"24.10.2017",3.2435
"23.10.2017",3.2378
"20.10.2017",3.1926
"19.10.2017",3.1671
"18.10.2017",3.1711
"17.10.2017",3.158
"16.10.2017",3.1712
"13.10.2017",3.1452
"12.10.2017",3.1705
"11.10.2017",3.1724
"10.10.2017",3.1795
"09.10.2017",3.1888
"06.10.2017",3.1561
"05.10.2017",3.1545
"04.10.2017",3.1351
"03.10.2017",3.1427
"02.10.2017",3.1545
"29.09.2017",3.1619
"28.09.2017",3.1825
"27.09.2017",3.1932
"26.09.2017",3.1666
"25.09.2017",3.1599
"22.09.2017",3.125
"21.09.2017",3.1377
"20.09.2017",3.1325
"19.09.2017",3.1351
"18.09.2017",3.1368
"15.09.2017",3.1085
"14.09.2017",3.119
"13.09.2017",3.1353
"12.09.2017",3.1252
"11.09.2017",3.1029
"08.09.2017",3.0867
"07.09.2017",3.0993
"06.09.2017",3.1004
"05.09.2017",3.1174
"04.09.2017",3.1417
"01.09.2017",3.1416
"31.08.2017",3.1479
"30.08.2017",3.1603
"29.08.2017",3.1652
"28.08.2017",3.167
"25.08.2017",3.1603
"24.08.2017",3.1481
"23.08.2017",3.1414
"22.08.2017",3.1611
"21.08.2017",3.1645
"18.08.2017",3.1465
"17.08.2017",3.1751
"16.08.2017",3.1524
"15.08.2017",3.1695
"14.08.2017",3.189
"11.08.2017",3.1938
"10.08.2017",3.1757
"09.08.2017",3.1559
"08.08.2017",3.1269
"07.08.2017",3.1265
"04.08.2017",3.1313
"03.08.2017",3.1126
"02.08.2017",3.1137
"01.08.2017",3.1265
"31.07.2017",3.1264
"28.07.2017",3.1319
"27.07.2017",3.153
"26.07.2017",3.1387
"25.07.2017",3.1726
"24.07.2017",3.147
"21.07.2017",3.1418
"20.07.2017",3.1208
"19.07.2017",3.149
"18.07.2017",3.1545
"17.07.2017",3.1833
"14.07.2017",3.1799
"13.07.2017",3.2138
"12.07.2017",3.2079
"11.07.2017",3.2548
"10.07.2017",3.2557
"07.07.2017",3.2813
"06.07.2017",3.2962
"05.07.2017",3.2889
"04.07.2017",3.3093
"03.07.2017",3.3015
"30.06.2017",3.3072
"29.06.2017",3.3043
"28.06.2017",3.2805
"27.06.2017",3.3135
"26.06.2017",3.2963
"23.06.2017",3.343
"22.06.2017",3.3425
"21.06.2017",3.3363
"20.06.2017",3.327
"19.06.2017",3.2828
"16.06.2017",3.2933
"15.06.2017",3.275
"14.06.2017",3.2742
"13.06.2017",3.3154
"12.06.2017",3.3181
"09.06.2017",3.2971
"08.06.2017",3.2617
"07.06.2017",3.2695
"06.06.2017",3.2778
"05.06.2017",3.2969
"02.06.2017",3.2483
"01.06.2017",3.2506
"31.05.2017",3.2266
"30.05.2017",3.2577
"29.05.2017",3.2567
"26.05.2017",3.2601
"25.05.2017",3.2736
"24.05.2017",3.2784
"23.05.2017",3.2705
"22.05.2017",3.2656
"19.05.2017",3.2529
"18.05.2017",3.371
"17.05.2017",3.138
"16.05.2017",3.0964
"15.05.2017",3.1113
"12.05.2017",3.1218
"11.05.2017",3.1403
"10.05.2017",3.1678
"09.05.2017",3.1902
"08.05.2017",3.198
"05.05.2017",3.1774
"04.05.2017",3.1885
"03.05.2017",3.1652
"02.05.2017",3.1517
"01.05.2017",3.1765
"28.04.2017",3.1766
"27.04.2017",3.1835
"26.04.2017",3.1723
"25.04.2017",3.1471
"24.04.2017",3.128
"21.04.2017",3.1482
"20.04.2017",3.1486
"19.04.2017",3.1522
"18.04.2017",3.108
"17.04.2017",3.0985
"14.04.2017",3.1448
"13.04.2017",3.1444
"12.04.2017",3.1258
"11.04.2017",3.1372
"10.04.2017",3.132
"07.04.2017",3.1462
"06.04.2017",3.1427
"05.04.2017",3.1203
"04.04.2017",3.0939
"03.04.2017",3.1147
"31.03.2017",3.1233
"30.03.2017",3.1496
"29.03.2017",3.1199
"28.03.2017",3.1412
"27.03.2017",3.1265
"24.03.2017",3.1086
"23.03.2017",3.1395
"22.03.2017",3.088
"21.03.2017",3.0884
"20.03.2017",3.0726
"17.03.2017",3.0918
"16.03.2017",3.1185
"15.03.2017",3.1037
"14.03.2017",3.1685
"13.03.2017",3.153
"10.03.2017",3.1395
"09.03.2017",3.1932
"08.03.2017",3.1631
"07.03.2017",3.1195
"06.03.2017",3.1386
"03.03.2017",3.1158
"02.03.2017",3.1565
"01.03.2017",3.09
"28.02.2017",3.1091
"27.02.2017",3.109
"24.02.2017",3.111
"23.02.2017",3.0595
"22.02.2017",3.064
"21.02.2017",3.0951
"20.02.2017",3.087
"17.02.2017",3.1048
"16.02.2017",3.0892
"15.02.2017",3.0575
"14.02.2017",3.085
"13.02.2017",3.1115
"10.02.2017",3.1157
"09.02.2017",3.1301
"08.02.2017",3.1175
"07.02.2017",3.1205
"06.02.2017",3.116
"03.02.2017",3.1176
"02.02.2017",3.124
"01.02.2017",3.1295
"31.01.2017",3.1509
"30.01.2017",3.127
"27.01.2017",3.141
"26.01.2017",3.178
"25.01.2017",3.1702
"24.01.2017",3.1702
"23.01.2017",3.1633
"20.01.2017",3.169
"19.01.2017",3.1965
"18.01.2017",3.2309
"17.01.2017",3.2115
"16.01.2017",3.2418
"13.01.2017",3.2213
"12.01.2017",3.1881
"11.01.2017",3.1975
"10.01.2017",3.1961
"09.01.2017",3.1969
"06.01.2017",3.2241
"05.01.2017",3.1991
"04.01.2017",3.2163
"03.01.2017",3.2652
"02.01.2017",3.2857
"30.12.2016",3.2547
"29.12.2016",3.2547
"28.12.2016",3.2845
"27.12.2016",3.2712
"26.12.2016",3.277
"23.12.2016",3.271
"22.12.2016",3.2875
"21.12.2016",3.327
"20.12.2016",3.3546
"19.12.2016",3.365
"16.12.2016",3.392
"15.12.2016",3.3695
"14.12.2016",3.3705
"13.12.2016",3.3355
"12.12.2016",3.3388
"09.12.2016",3.3785
"08.12.2016",3.3755
"07.12.2016",3.383
"06.12.2016",3.408
"05.12.2016",3.4215
"02.12.2016",3.4755
"01.12.2016",3.4718
"30.11.2016",3.3842
"29.11.2016",3.399
"28.11.2016",3.3859
"25.11.2016",3.4223
"24.11.2016",3.3915
"23.11.2016",3.3945
"22.11.2016",3.355
"21.11.2016",3.3525
"18.11.2016",3.3835
"17.11.2016",3.4193
"16.11.2016",3.42
"15.11.2016",3.4404
"14.11.2016",3.4331
"11.11.2016",3.3915
"10.11.2016",3.3864
"09.11.2016",3.2172
"08.11.2016",3.1695
"07.11.2016",3.202
"04.11.2016",3.2337
"03.11.2016",3.2425
"02.11.2016",3.2359
"01.11.2016",3.2367
"31.10.2016",3.1893
"28.10.2016",3.2065
"27.10.2016",3.1701
"26.10.2016",3.1409
"25.10.2016",3.1151
"24.10.2016",3.1246
"21.10.2016",3.1511
"20.10.2016",3.1433
"19.10.2016",3.1697
"18.10.2016",3.1888
"17.10.2016",3.2022
"14.10.2016",3.2051
"13.10.2016",3.178
"12.10.2016",3.2025
"11.10.2016",3.1953
"10.10.2016",3.2065
"07.10.2016",3.2204
"06.10.2016",3.2298
"05.10.2016",3.2202
"04.10.2016",3.2578
"03.10.2016",3.2105
"30.09.2016",3.2603
"29.09.2016",3.2595
"28.09.2016",3.2167
"27.09.2016",3.2346
"26.09.2016",3.2401
"23.09.2016",3.245
"22.09.2016",3.2208
"21.09.2016",3.2071
"20.09.2016",3.2589
"19.09.2016",3.2731
"16.09.2016",3.2622
"15.09.2016",3.3024
"14.09.2016",3.3426
"13.09.2016",3.3138
"12.09.2016",3.2458
"09.09.2016",3.2735
"08.09.2016",3.2143
"07.09.2016",3.193
"06.09.2016",3.1953
"05.09.2016",3.2833
"02.09.2016",3.2568
"01.09.2016",3.2582
"31.08.2016",3.2273
"30.08.2016",3.2419
"29.08.2016",3.2298
"26.08.2016",3.2655
"25.08.2016",3.2367
"24.08.2016",3.2257
"23.08.2016",3.2338
"22.08.2016",3.2014
"19.08.2016",3.2038
"18.08.2016",3.2393
"17.08.2016",3.2037
"16.08.2016",3.2027
"15.08.2016",3.1862
"12.08.2016",3.1925
"11.08.2016",3.145
"10.08.2016",3.1271
"09.08.2016",3.1456
"08.08.2016",3.1749
"05.08.2016",3.166
"04.08.2016",3.1938
"03.08.2016",3.2377
"02.08.2016",3.2571
"01.08.2016",3.2649
"29.07.2016",3.2486
"28.07.2016",3.2892
"27.07.2016",3.2637
"26.07.2016",3.2768
"25.07.2016",3.286
"22.07.2016",3.2565
"21.07.2016",3.2722
"20.07.2016",3.2591
"19.07.2016",3.249
"18.07.2016",3.2532
"15.07.2016",3.282
"14.07.2016",3.2511
"13.07.2016",3.2637
"12.07.2016",3.296
"11.07.2016",3.3094
"08.07.2016",3.3006
"07.07.2016",3.3678
"06.07.2016",3.33
"05.07.2016",3.3024
"04.07.2016",3.2695
"01.07.2016",3.2361
"30.06.2016",3.2134
"29.06.2016",3.222
"28.06.2016",3.3029
"27.06.2016",3.3926
"24.06.2016",3.3739
"23.06.2016",3.339
"22.06.2016",3.377
"21.06.2016",3.4158
"20.06.2016",3.3945
"17.06.2016",3.4163
"16.06.2016",3.4661
"15.06.2016",3.4741
"14.06.2016",3.4812
"13.06.2016",3.4827
"10.06.2016",3.4188
"09.06.2016",3.401
"08.06.2016",3.363
"07.06.2016",3.4421
"06.06.2016",3.4896
"03.06.2016",3.524
"02.06.2016",3.5926
"01.06.2016",3.6007
"31.05.2016",3.6111
"30.05.2016",3.5713
"27.05.2016",3.6116
"26.05.2016",3.5825
"25.05.2016",3.5836
"24.05.2016",3.5713
"23.05.2016",3.5728
"20.05.2016",3.5202
"19.05.2016",3.5644
"18.05.2016",3.5683
"17.05.2016",3.4888
"16.05.2016",3.5001
"13.05.2016",3.534
"12.05.2016",3.4855
"11.05.2016",3.4528
"10.05.2016",3.4758
"09.05.2016",3.5164
"06.05.2016",3.5023
"05.05.2016",3.5349
"04.05.2016",3.5473
"03.05.2016",3.5599
"02.05.2016",3.5011
"29.04.2016",3.4358
"28.04.2016",3.4878
"27.04.2016",3.5267
"26.04.2016",3.5297
"25.04.2016",3.5558
"22.04.2016",3.5646
"21.04.2016",3.5386
"20.04.2016",3.5299
"19.04.2016",3.5341
"18.04.2016",3.6155
"15.04.2016",3.5332
"14.04.2016",3.4838
"13.04.2016",3.4983
"12.04.2016",3.4928
"11.04.2016",3.4924
"08.04.2016",3.5901
"07.04.2016",3.6905
"06.04.2016",3.6413
"05.04.2016",3.6805
"04.04.2016",3.624
"01.04.2016",3.5538
"31.03.2016",3.5935
"30.03.2016",3.6002
"29.03.2016",3.6386
"28.03.2016",3.6278
"25.03.2016",3.6835
"24.03.2016",3.6771
"23.03.2016",3.6854
"22.03.2016",3.5812
"21.03.2016",3.6178
"18.03.2016",3.624
"17.03.2016",3.6267
"16.03.2016",3.7422
"15.03.2016",3.7656
"14.03.2016",3.6618
"11.03.2016",3.582
"10.03.2016",3.6215
"09.03.2016",3.6849
"08.03.2016",3.7556
"07.03.2016",3.783
"04.03.2016",3.7593
"03.03.2016",3.7991
"02.03.2016",3.8932
"01.03.2016",3.9275
"29.02.2016",4.0171
"26.02.2016",3.9933
"25.02.2016",3.956
"24.02.2016",3.9591
"23.02.2016",3.9569
"22.02.2016",3.9473
"19.02.2016",4.0214
"18.02.2016",4.0284
"17.02.2016",3.9851
"16.02.2016",4.0723
"15.02.2016",4.006
"12.02.2016",4.0027
"11.02.2016",3.9946
"10.02.2016",3.9285
"09.02.2016",3.8856
"08.02.2016",3.8954
"05.02.2016",3.9035
"04.02.2016",3.8897
"03.02.2016",3.8954
"02.02.2016",3.9895
"01.02.2016",3.9629
"29.01.2016",3.9988
"28.01.2016",4.0699
"27.01.2016",4.1077
"26.01.2016",4.0536
"25.01.2016",4.0903
"22.01.2016",4.0945
"21.01.2016",4.1575
"20.01.2016",4.0971
"19.01.2016",4.0626
"18.01.2016",4.0557
"15.01.2016",4.0479
"14.01.2016",3.9996
"13.01.2016",4.0158
"12.01.2016",4.029
"11.01.2016",4.0537
"08.01.2016",4.0245
"07.01.2016",4.0448
"06.01.2016",4.0244
"05.01.2016",4.0077
"04.01.2016",4.0402
"01.01.2016",3.9608
"31.12.2015",3.9608
"30.12.2015",3.9608
"29.12.2015",3.8655
"28.12.2015",3.8586
"25.12.2015",3.9463
"24.12.2015",3.953
"23.12.2015",3.9419
"22.12.2015",3.9899
"21.12.2015",4.0134
"18.12.2015",3.9824
"17.12.2015",3.8796
"16.12.2015",3.8848
"15.12.2015",3.873
"14.12.2015",3.8779
"11.12.2015",3.873
"10.12.2015",3.8126
"09.12.2015",3.7502
"08.12.2015",3.7962
"07.12.2015",3.7681
"04.12.2015",3.7521
"03.12.2015",3.7596
"02.12.2015",3.8352
"01.12.2015",3.8575
"30.11.2015",3.869
"27.11.2015",3.8464
"26.11.2015",3.7431
"25.11.2015",3.7425
"24.11.2015",3.7
"23.11.2015",3.733
"20.11.2015",3.7052
"19.11.2015",3.7181
"18.11.2015",3.7668
"17.11.2015",3.8105
"16.11.2015",3.8194
"13.11.2015",3.8456
"12.11.2015",3.771
"11.11.2015",3.7639
"10.11.2015",3.751
"09.11.2015",3.799
"06.11.2015",3.7713
"05.11.2015",3.7813
"04.11.2015",3.8003
"03.11.2015",3.7712
"02.11.2015",3.8507
"30.10.2015",3.8564
"29.10.2015",3.8509
"28.10.2015",3.9094
"27.10.2015",3.8883
"26.10.2015",3.906
"23.10.2015",3.8807
"22.10.2015",3.9088
"21.10.2015",3.9414
"20.10.2015",3.9073
"19.10.2015",3.8857
"16.10.2015",3.9245
"15.10.2015",3.8032
"14.10.2015",3.8119
"13.10.2015",3.8937
"12.10.2015",3.7639
"09.10.2015",3.766
"08.10.2015",3.7839
"07.10.2015",3.8838
"06.10.2015",3.8539
"05.10.2015",3.912
"02.10.2015",3.9331
"01.10.2015",4.01
"30.09.2015",3.9491
"29.09.2015",4.0634
"28.09.2015",4.1083
"25.09.2015",3.9777
"24.09.2015",3.9368
"23.09.2015",4.178
"22.09.2015",4.0497
"21.09.2015",3.9857
"18.09.2015",3.9459
"17.09.2015",3.899
"16.09.2015",3.8289
"15.09.2015",3.8634
"14.09.2015",3.815
"11.09.2015",3.8705
"10.09.2015",3.8498
"09.09.2015",3.7783
"08.09.2015",3.82
"07.09.2015",3.8387
"04.09.2015",3.8442
"03.09.2015",3.738
"02.09.2015",3.7591
"01.09.2015",3.702
"31.08.2015",3.6193
"28.08.2015",3.5823
"27.08.2015",3.551
"26.08.2015",3.5963
"25.08.2015",3.6175
"24.08.2015",3.5534
"21.08.2015",3.5007
"20.08.2015",3.457
"19.08.2015",3.4932
"18.08.2015",3.4681
"17.08.2015",3.4812
"14.08.2015",3.4845
"13.08.2015",3.5194
"12.08.2015",3.481
"11.08.2015",3.475
"10.08.2015",3.4345
"07.08.2015",3.5071
"06.08.2015",3.5361
"05.08.2015",3.4867
"04.08.2015",3.4712
"03.08.2015",3.4514
"31.07.2015",3.4212
"30.07.2015",3.3715
"29.07.2015",3.3308
"28.07.2015",3.3577
"27.07.2015",3.364
"24.07.2015",3.3556
"23.07.2015",3.286
"22.07.2015",3.2239
"21.07.2015",3.1717
"20.07.2015",3.1981
"17.07.2015",3.1881
"16.07.2015",3.1587
"15.07.2015",3.1391
"14.07.2015",3.1399
"13.07.2015",3.1348
"10.07.2015",3.1593
"09.07.2015",3.2203
"08.07.2015",3.2346
"07.07.2015",3.1867
"06.07.2015",3.1391
"03.07.2015",3.1347
"02.07.2015",3.0967
"01.07.2015",3.1498
"30.06.2015",3.103
"29.06.2015",3.1178
"26.06.2015",3.1295
"25.06.2015",3.1277
"24.06.2015",3.0979
"23.06.2015",3.076
"22.06.2015",3.0814
"19.06.2015",3.0976
"18.06.2015",3.0605
"17.06.2015",3.057
"16.06.2015",3.0885
"15.06.2015",3.13
"12.06.2015",3.1185
"11.06.2015",3.0896
"10.06.2015",3.1187
"09.06.2015",3.0966
"08.06.2015",3.1132
"05.06.2015",3.1439
"04.06.2015",3.1418
"03.06.2015",3.1345
"02.06.2015",3.1306
"01.06.2015",3.1718
"29.05.2015",3.1798
"28.05.2015",3.1624
"27.05.2015",3.1409
"26.05.2015",3.1536
"25.05.2015",3.0968
"22.05.2015",3.0949
"21.05.2015",3.0379
"20.05.2015",3.0027
"19.05.2015",3.0394
"18.05.2015",3.0076
"15.05.2015",2.9972
"14.05.2015",2.9935
"13.05.2015",3.0403
"12.05.2015",3.0206
"11.05.2015",3.0614
"08.05.2015",2.9733
"07.05.2015",3.026
"06.05.2015",3.0333
"05.05.2015",3.0536
"04.05.2015",3.0864
"01.05.2015",3.0146
"30.04.2015",3.0145
"29.04.2015",2.9612
"28.04.2015",2.9364
"27.04.2015",2.9173
"24.04.2015",2.9517
"23.04.2015",2.9707
"22.04.2015",3.0113
"21.04.2015",3.034
"20.04.2015",3.033
"17.04.2015",3.0409
"16.04.2015",3.0221
"15.04.2015",3.0294
"14.04.2015",3.0634
"13.04.2015",3.1212
"10.04.2015",3.0756
"09.04.2015",3.0591
"08.04.2015",3.0495
"07.04.2015",3.1288
"06.04.2015",3.1263
"03.04.2015",3.121
"02.04.2015",3.1205
"01.04.2015",3.1655
"31.03.2015",3.1958
"30.03.2015",3.2306
"27.03.2015",3.2496
"26.03.2015",3.1828
"25.03.2015",3.2012
"24.03.2015",3.1398
"23.03.2015",3.1322
"20.03.2015",3.2293
"19.03.2015",3.2921
"18.03.2015",3.2097
"17.03.2015",3.2395
"16.03.2015",3.2488
"13.03.2015",3.2492
"12.03.2015",3.1661
"11.03.2015",3.1257
"10.03.2015",3.1022
"09.03.2015",3.1223
"06.03.2015",3.0617
"05.03.2015",3.0035
"04.03.2015",2.9766
"03.03.2015",2.9311
"02.03.2015",2.8965
"27.02.2015",2.839
"26.02.2015",2.9085
"25.02.2015",2.875
"24.02.2015",2.833
"23.02.2015",2.8788
"20.02.2015",2.868
"19.02.2015",2.8665
"18.02.2015",2.8374
"17.02.2015",2.8296
"16.02.2015",2.8346
"13.02.2015",2.8346
"12.02.2015",2.821
"11.02.2015",2.8693
"10.02.2015",2.8343
"09.02.2015",2.7698
"06.02.2015",2.7825
"05.02.2015",2.7451
"04.02.2015",2.7418
"03.02.2015",2.6945
"02.02.2015",2.7271
"30.01.2015",2.6824
"29.01.2015",2.6035
"28.01.2015",2.5764
"27.01.2015",2.5724
"26.01.2015",2.5835
"23.01.2015",2.5797
"22.01.2015",2.5745
"21.01.2015",2.6005
"20.01.2015",2.6138
"19.01.2015",2.6517
"16.01.2015",2.621
"15.01.2015",2.6422
"14.01.2015",2.6159
"13.01.2015",2.643
"12.01.2015",2.6734
"09.01.2015",2.6301
"08.01.2015",2.663
"07.01.2015",2.6835
"06.01.2015",2.7001
"05.01.2015",2.7064
"02.01.2015",2.6941
"01.01.2015",2.6575
"31.12.2014",2.6575
"30.12.2014",2.6575
"29.12.2014",2.7027
"26.12.2014",2.6685
"25.12.2014",2.6957
"24.12.2014",2.6955
"23.12.2014",2.6946
"22.12.2014",2.6645
"19.12.2014",2.6598
"18.12.2014",2.6625
"17.12.2014",2.7154
"16.12.2014",2.7384
"15.12.2014",2.6955
"12.12.2014",2.6545
"11.12.2014",2.6498
"10.12.2014",2.6162
"09.12.2014",2.593
"08.12.2014",2.6004
"05.12.2014",2.5895
"04.12.2014",2.5915
"03.12.2014",2.5525
"02.12.2014",2.5682
"01.12.2014",2.56
"28.11.2014",2.5659
"27.11.2014",2.5304
"26.11.2014",2.5011
"25.11.2014",2.5303
"24.11.2014",2.5457
"21.11.2014",2.5153
"20.11.2014",2.5731
"19.11.2014",2.572
"18.11.2014",2.5825
"17.11.2014",2.6081
"14.11.2014",2.6018
"13.11.2014",2.5889
"12.11.2014",2.5665
"11.11.2014",2.5575
"10.11.2014",2.5528
"07.11.2014",2.5587
"06.11.2014",2.5697
"05.11.2014",2.5049
"04.11.2014",2.497
"03.11.2014",2.4966
"31.10.2014",2.4783
"30.10.2014",2.4036
"29.10.2014",2.4612
"28.10.2014",2.4613
"27.10.2014",2.5226
"24.10.2014",2.4739
"23.10.2014",2.4988
"22.10.2014",2.4873
"21.10.2014",2.4809
"20.10.2014",2.4652
"17.10.2014",2.4356
"16.10.2014",2.4728
"15.10.2014",2.4583
"14.10.2014",2.4002
"13.10.2014",2.3942
"10.10.2014",2.4295
"09.10.2014",2.3982
"08.10.2014",2.3769
"07.10.2014",2.3961
"06.10.2014",2.4238
"03.10.2014",2.4588
"02.10.2014",2.4952
"01.10.2014",2.4815
"30.09.2014",2.4462
"29.09.2014",2.447
"26.09.2014",2.42
"25.09.2014",2.4283
"24.09.2014",2.3836
"23.09.2014",2.4118
"22.09.2014",2.3984
"19.09.2014",2.3682
"18.09.2014",2.3646
"17.09.2014",2.3583
"16.09.2014",2.3325
"15.09.2014",2.3427
"12.09.2014",2.3392
"11.09.2014",2.298
"10.09.2014",2.2885
"09.09.2014",2.2868
"08.09.2014",2.2677
"05.09.2014",2.2405
"04.09.2014",2.2431
"03.09.2014",2.237
"02.09.2014",2.2435
"01.09.2014",2.2458
"29.08.2014",2.236
"28.08.2014",2.2415
"27.08.2014",2.2471
"26.08.2014",2.2618
"25.08.2014",2.2883
"22.08.2014",2.2778
"21.08.2014",2.2687
"20.08.2014",2.2623
"19.08.2014",2.2467
"18.08.2014",2.2576
"15.08.2014",2.2598
"14.08.2014",2.2666
"13.08.2014",2.2803
"12.08.2014",2.2767
"11.08.2014",2.2755
"08.08.2014",2.2812
"07.08.2014",2.2957
"06.08.2014",2.2738
"05.08.2014",2.2818
"04.08.2014",2.2584
"01.08.2014",2.2574
"31.07.2014",2.2639
"30.07.2014",2.2454
"29.07.2014",2.2305
"28.07.2014",2.2222
"25.07.2014",2.229
"24.07.2014",2.2228
"23.07.2014",2.2182
"22.07.2014",2.213
"21.07.2014",2.22
"18.07.2014",2.2255
"17.07.2014",2.2582
"16.07.2014",2.2238
"15.07.2014",2.2199
"14.07.2014",2.2107
"11.07.2014",2.2208
"10.07.2014",2.2192
"09.07.2014",2.2123
"08.07.2014",2.2123
"07.07.2014",2.224
"04.07.2014",2.2132
"03.07.2014",2.2103
"02.07.2014",2.2252
"01.07.2014",2.2018
"30.06.2014",2.2143
"27.06.2014",2.194
"26.06.2014",2.1969
"25.06.2014",2.2078
"24.06.2014",2.2252
"23.06.2014",2.218
"20.06.2014",2.2295
"19.06.2014",2.2225
"18.06.2014",2.228
"17.06.2014",2.2618
"16.06.2014",2.2343
"13.06.2014",2.2241
"12.06.2014",2.23
"11.06.2014",2.2335
"10.06.2014",2.2225
"09.06.2014",2.2277
"06.06.2014",2.2475
"05.06.2014",2.2617
"04.06.2014",2.2781
"03.06.2014",2.2805
"02.06.2014",2.2769
"30.05.2014",2.2408
"29.05.2014",2.2252
"28.05.2014",2.2325
"27.05.2014",2.2378
"26.05.2014",2.2239
"23.05.2014",2.2235
"22.05.2014",2.2153
"21.05.2014",2.2075
"20.05.2014",2.2165
"19.05.2014",2.2058
"16.05.2014",2.2146
"15.05.2014",2.2203
"14.05.2014",2.2025
"13.05.2014",2.2151
"12.05.2014",2.2145
"09.05.2014",2.2128
"08.05.2014",2.2153
"07.05.2014",2.2166
"06.05.2014",2.2292
"05.05.2014",2.2431
"02.05.2014",2.22
"01.05.2014",2.2335
"30.04.2014",2.233
"29.04.2014",2.2359
"28.04.2014",2.2237
"25.04.2014",2.2445
"24.04.2014",2.2138
"23.04.2014",2.2212
"22.04.2014",2.238
"21.04.2014",2.237
"18.04.2014",2.2372
"17.04.2014",2.2376
"16.04.2014",2.2436
"15.04.2014",2.2329
"14.04.2014",2.214
"11.04.2014",2.2184
"10.04.2014",2.2067
"09.04.2014",2.1856
"08.04.2014",2.2012
"07.04.2014",2.2189
"04.04.2014",2.236
"03.04.2014",2.2793
"02.04.2014",2.2691
"01.04.2014",2.2607
"31.03.2014",2.2721
"28.03.2014",2.2618
"27.03.2014",2.2593
"26.03.2014",2.3041
"25.03.2014",2.3114
"24.03.2014",2.3225
"21.03.2014",2.3246
"20.03.2014",2.3281
"19.03.2014",2.3478
"18.03.2014",2.3342
"17.03.2014",2.3495
"14.03.2014",2.3465
"13.03.2014",2.3641
"12.03.2014",2.3525
"11.03.2014",2.3642
"10.03.2014",2.3498
"07.03.2014",2.3406
"06.03.2014",2.3232
"05.03.2014",2.3181
"04.03.2014",2.3412
"03.03.2014",2.3441
"28.02.2014",2.3384
"27.02.2014",2.322
"26.02.2014",2.3497
"25.02.2014",2.3411
"24.02.2014",2.3392
"21.02.2014",2.3456
"20.02.2014",2.3704
"19.02.2014",2.3942
"18.02.2014",2.3955
"17.02.2014",2.39
"14.02.2014",2.3891
"13.02.2014",2.3938
"12.02.2014",2.4255
"11.02.2014",2.4005
"10.02.2014",2.409
"07.02.2014",2.3802
"06.02.2014",2.3825
"05.02.2014",2.3986
"04.02.2014",2.4055
"03.02.2014",2.4402
"31.01.2014",2.4127
"30.01.2014",2.4118
"29.01.2014",2.4352
"28.01.2014",2.4263
"27.01.2014",2.4215
"24.01.2014",2.3982
"23.01.2014",2.3959
"22.01.2014",2.3731
"21.01.2014",2.3575
"20.01.2014",2.3442
"17.01.2014",2.3426
"16.01.2014",2.3636
"15.01.2014",2.3605
"14.01.2014",2.3503
"13.01.2014",2.3598
"10.01.2014",2.3584
"09.01.2014",2.3904
"08.01.2014",2.3967
"07.01.2014",2.3725
"06.01.2014",2.3761
"03.01.2014",2.3765
"02.01.2014",2.3876
"01.01.2014",2.3621
"31.12.2013",2.3621
"30.12.2013",2.3621
"27.12.2013",2.3384
"26.12.2013",2.3518
"25.12.2013",2.3571
"24.12.2013",2.3573
"23.12.2013",2.3571
"20.12.2013",2.3876
"19.12.2013",2.3535
"18.12.2013",2.3262
"17.12.2013",2.3194
"16.12.2013",2.3278
"13.12.2013",2.33
"12.12.2013",2.3327
"11.12.2013",2.3413
"10.12.2013",2.309
"09.12.2013",2.3197
"06.12.2013",2.3267
"05.12.2013",2.3612
"04.12.2013",2.3914
"03.12.2013",2.3758
"02.12.2013",2.3559
"29.11.2013",2.3358
"28.11.2013",2.3176
"27.11.2013",2.33
"26.11.2013",2.2967
"25.11.2013",2.2837
"22.11.2013",2.2788
"21.11.2013",2.3062
"20.11.2013",2.2717
"19.11.2013",2.2713
"18.11.2013",2.2633
"15.11.2013",2.319
"14.11.2013",2.3137
"13.11.2013",2.3335
"12.11.2013",2.3333
"11.11.2013",2.3308
"08.11.2013",2.3142
"07.11.2013",2.3058
"06.11.2013",2.2855
"05.11.2013",2.2823
"04.11.2013",2.2458
"01.11.2013",2.2567
"31.10.2013",2.2401
"30.10.2013",2.184
"29.10.2013",2.185
"28.10.2013",2.1805
"25.10.2013",2.1877
"24.10.2013",2.204
"23.10.2013",2.1881
"22.10.2013",2.1725
"21.10.2013",2.1735
"18.10.2013",2.1689
"17.10.2013",2.1525
"16.10.2013",2.1806
"15.10.2013",2.1777
"14.10.2013",2.1816
"11.10.2013",2.174
"10.10.2013",2.1799
"09.10.2013",2.2075
"08.10.2013",2.2115
"07.10.2013",2.2047
"04.10.2013",2.212
"03.10.2013",2.207
"02.10.2013",2.1914
"01.10.2013",2.2157
"30.09.2013",2.2162
"27.09.2013",2.2523
"26.09.2013",2.2459
"25.09.2013",2.2324
"24.09.2013",2.201
"23.09.2013",2.1986
"20.09.2013",2.2102
"19.09.2013",2.2026
"18.09.2013",2.1865
"17.09.2013",2.256
"16.09.2013",2.2843
"13.09.2013",2.2803
"12.09.2013",2.2752
"11.09.2013",2.2772
"10.09.2013",2.2836
"09.09.2013",2.2763
"06.09.2013",2.3066
"05.09.2013",2.3249
"04.09.2013",2.3605
"03.09.2013",2.3585
"02.09.2013",2.378
"30.08.2013",2.3862
"29.08.2013",2.3598
"28.08.2013",2.3442
"27.08.2013",2.372
"26.08.2013",2.3792
"23.08.2013",2.3486
"22.08.2013",2.4348
"21.08.2013",2.4524
"20.08.2013",2.3936
"19.08.2013",2.4129
"16.08.2013",2.3925
"15.08.2013",2.3407
"14.08.2013",2.3244
"13.08.2013",2.3138
"12.08.2013",2.2873
"09.08.2013",2.2717
"08.08.2013",2.2844
"07.08.2013",2.314
"06.08.2013",2.2991
"05.08.2013",2.3058
"02.08.2013",2.2876
"01.08.2013",2.3045
"31.07.2013",2.2771
"30.07.2013",2.2832
"29.07.2013",2.2687
"26.07.2013",2.2568
"25.07.2013",2.2428
"24.07.2013",2.2513
"23.07.2013",2.2134
"22.07.2013",2.2328
"19.07.2013",2.2467
"18.07.2013",2.2271
"17.07.2013",2.2257
"16.07.2013",2.2531
"15.07.2013",2.2193
"12.07.2013",2.2673
"11.07.2013",2.2538
"10.07.2013",2.2643
"09.07.2013",2.2571
"08.07.2013",2.2642
"05.07.2013",2.2525
"04.07.2013",2.248
"03.07.2013",2.2681
"02.07.2013",2.2546
"01.07.2013",2.2283
"28.06.2013",2.2321
"27.06.2013",2.1989
"26.06.2013",2.187
"25.06.2013",2.2139
"24.06.2013",2.226
"21.06.2013",2.242
"20.06.2013",2.2586
"19.06.2013",2.225
"18.06.2013",2.181
"17.06.2013",2.1705
"14.06.2013",2.1528
"13.06.2013",2.1218
"12.06.2013",2.156
"11.06.2013",2.1323
"10.06.2013",2.1466
"07.06.2013",2.1321
"06.06.2013",2.1304
"05.06.2013",2.1288
"04.06.2013",2.1258
"03.06.2013",2.1243
"31.05.2013",2.1423
"30.05.2013",2.1103
"29.05.2013",2.1106
"28.05.2013",2.0757
"27.05.2013",2.0545
"24.05.2013",2.0518
"23.05.2013",2.0442
"22.05.2013",2.049
"21.05.2013",2.0413
"20.05.2013",2.0398
"17.05.2013",2.0353
"16.05.2013",2.0268
"15.05.2013",2.0229
"14.05.2013",2.0204
"13.05.2013",2.0074
"10.05.2013",2.0201
"09.05.2013",2.0137
"08.05.2013",2.0055
"07.05.2013",2.0079
"06.05.2013",2.0096
"03.05.2013",2.0091
"02.05.2013",2.0097
"01.05.2013",2.0015
"30.04.2013",2.0017
"29.04.2013",2.0082
"26.04.2013",1.9988
"25.04.2013",2.0017
"24.04.2013",2.0109
"23.04.2013",2.0248
"22.04.2013",2.0213
"19.04.2013",2.0108
"18.04.2013",2.0187
"17.04.2013",2.0012
"16.04.2013",1.987
"15.04.2013",2.0012
"12.04.2013",1.9695
"11.04.2013",1.9737
"10.04.2013",1.9743
"09.04.2013",1.9811
"08.04.2013",1.9922
"05.04.2013",1.986
"04.04.2013",2.0137
"03.04.2013",2.0245
"02.04.2013",2.019
"01.04.2013",2.0205
"29.03.2013",2.0242
"28.03.2013",2.0224
"27.03.2013",2.011
"26.03.2013",2.0173
"25.03.2013",2.0123
"22.03.2013",2.0091
"21.03.2013",2.0082
"20.03.2013",1.9903
"19.03.2013",1.9855
"18.03.2013",1.982
"15.03.2013",1.9817
"14.03.2013",1.9717
"13.03.2013",1.9723
"12.03.2013",1.9647
"11.03.2013",1.9567
"08.03.2013",1.9447
"07.03.2013",1.9607
"06.03.2013",1.9708
"05.03.2013",1.9644
"04.03.2013",1.9708
"01.03.2013",1.9792
"28.02.2013",1.9803
"27.02.2013",1.9732
"26.02.2013",1.9825
"25.02.2013",1.983
"22.02.2013",1.9727
"21.02.2013",1.9735
"20.02.2013",1.9611
"19.02.2013",1.9543
"18.02.2013",1.9634
"15.02.2013",1.9688
"14.02.2013",1.9577
"13.02.2013",1.9647
"12.02.2013",1.969
"11.02.2013",1.9728
"08.02.2013",1.9732
"07.02.2013",1.9667
"06.02.2013",1.9903
"05.02.2013",1.9845
"04.02.2013",1.996
"01.02.2013",1.9878
"31.01.2013",1.9908
"30.01.2013",1.9914
"29.01.2013",1.9859
"28.01.2013",1.9958
"25.01.2013",2.03
"24.01.2013",2.03
"23.01.2013",2.0354
"22.01.2013",2.0429
"21.01.2013",2.0418
"18.01.2013",2.0408
"17.01.2013",2.0385
"16.01.2013",2.0424
"15.01.2013",2.0358
"14.01.2013",2.0318
"11.01.2013",2.0332
"10.01.2013",2.029
"09.01.2013",2.0381
"08.01.2013",2.0415
"07.01.2013",2.0267
"04.01.2013",2.0347
"03.01.2013",2.0459
"02.01.2013",2.0452
"01.01.2013",2.0485
"31.12.2012",2.0485
"28.12.2012",2.0475
"27.12.2012",2.0434
"26.12.2012",2.0491
"25.12.2012",2.0783
"24.12.2012",2.0783
"21.12.2012",2.0783
"20.12.2012",2.0694
"19.12.2012",2.0716
"18.12.2012",2.089
"17.12.2012",2.0995
"14.12.2012",2.0856
"13.12.2012",2.0852
"12.12.2012",2.072
"11.12.2012",2.0787
"10.12.2012",2.0768
"07.12.2012",2.0747
"06.12.2012",2.0774
"05.12.2012",2.0878
"04.12.2012",2.1197
"03.12.2012",2.1193
"30.11.2012",2.1361
"29.11.2012",2.0987
"28.11.2012",2.0928
"27.11.2012",2.0842
"26.11.2012",2.083
"23.11.2012",2.0816
"22.11.2012",2.1048
"21.11.2012",2.0988
"20.11.2012",2.0805
"19.11.2012",2.0762
"16.11.2012",2.0842
"15.11.2012",2.0665
"14.11.2012",2.0669
"13.11.2012",2.0583
"12.11.2012",2.051
"09.11.2012",2.0463
"08.11.2012",2.0404
"07.11.2012",2.0337
"06.11.2012",2.0321
"05.11.2012",2.0353
"02.11.2012",2.0316
"01.11.2012",2.031
"31.10.2012",2.0309
"30.10.2012",2.0307
"29.10.2012",2.0335
"26.10.2012",2.027
"25.10.2012",2.0252
"24.10.2012",2.0252
"23.10.2012",2.027
"22.10.2012",2.0242
"19.10.2012",2.0277
"18.10.2012",2.0263
"17.10.2012",2.032
"16.10.2012",2.033
"15.10.2012",2.0363
"12.10.2012",2.0445
"11.10.2012",2.0423
"10.10.2012",2.0426
"09.10.2012",2.0362
"08.10.2012",2.0297
"05.10.2012",2.031
"04.10.2012",2.0177
"03.10.2012",2.022
"02.10.2012",2.0257
"01.10.2012",2.0264
"28.09.2012",2.0257
"27.09.2012",2.0293
"26.09.2012",2.0362
"25.09.2012",2.0315
"24.09.2012",2.0264
"21.09.2012",2.0225
"20.09.2012",2.0213
"19.09.2012",2.0242
"18.09.2012",2.0231
"17.09.2012",2.0329
"14.09.2012",2.0119
"13.09.2012",2.0211
"12.09.2012",2.0271
"11.09.2012",2.0167
"10.09.2012",2.0224
"07.09.2012",2.0281
"06.09.2012",2.0281
"05.09.2012",2.0393
"04.09.2012",2.0427
"03.09.2012",2.033
"31.08.2012",2.0293
"30.08.2012",2.0488
"29.08.2012",2.05
"28.08.2012",2.044
"27.08.2012",2.0342
"24.08.2012",2.0271
"23.08.2012",2.0237
"22.08.2012",2.0165
"21.08.2012",2.0158
"20.08.2012",2.0168
"17.08.2012",2.0155
"16.08.2012",2.0168
"15.08.2012",2.0225
"14.08.2012",2.0266
"13.08.2012",2.0204
"10.08.2012",2.0149
"09.08.2012",2.013
"08.08.2012",2.0205
"07.08.2012",2.0285
"06.08.2012",2.0312
"03.08.2012",2.0282
"02.08.2012",2.0497
"01.08.2012",2.0443
"31.07.2012",2.0567
"30.07.2012",2.0405
"27.07.2012",2.0212
"26.07.2012",2.0213
"25.07.2012",2.0331
"24.07.2012",2.0477
"23.07.2012",2.0389
"20.07.2012",2.0236
"19.07.2012",2.0125
"18.07.2012",2.0227
"17.07.2012",2.022
"16.07.2012",2.0347
"13.07.2012",2.037
"12.07.2012",2.0373
"11.07.2012",2.0345
"10.07.2012",2.0333
"09.07.2012",2.0323
"06.07.2012",2.0281
"05.07.2012",2.0194
"04.07.2012",2.0279
"03.07.2012",2.0156
"02.07.2012",1.9849
"29.06.2012",2.0095
"28.06.2012",2.0765
"27.06.2012",2.0764
"26.06.2012",2.0724
"25.06.2012",2.0613
"22.06.2012",2.0675
"21.06.2012",2.0631
"20.06.2012",2.0256
"19.06.2012",2.0279
"18.06.2012",2.0641
"15.06.2012",2.0484
"14.06.2012",2.0569
"13.06.2012",2.0719
"12.06.2012",2.0684
"11.06.2012",2.0652
"08.06.2012",2.0213
"07.06.2012",2.0328
"06.06.2012",2.0328
"05.06.2012",2.0248
"04.06.2012",2.056
"01.06.2012",2.04
"31.05.2012",2.0226
"30.05.2012",2.016
"29.05.2012",1.9895
"28.05.2012",1.9832
"25.05.2012",1.9846
"24.05.2012",2.0282
"23.05.2012",2.0309
"22.05.2012",2.0907
"21.05.2012",2.0417
"18.05.2012",2.0237
"17.05.2012",2.0092
"16.05.2012",2.0005
"15.05.2012",2.0017
"14.05.2012",1.9951
"11.05.2012",1.966
"10.05.2012",1.9529
"09.05.2012",1.9715
"08.05.2012",1.9397
"07.05.2012",1.9194
"04.05.2012",1.9275
"03.05.2012",1.9085
"02.05.2012",1.9243
"01.05.2012",1.9047
"30.04.2012",1.9088
"27.04.2012",1.8861
"26.04.2012",1.8855
"25.04.2012",1.8788
"24.04.2012",1.8821
"23.04.2012",1.8802
"20.04.2012",1.8724
"19.04.2012",1.8806
"18.04.2012",1.879
"17.04.2012",1.8612
"16.04.2012",1.8478
"13.04.2012",1.8372
"12.04.2012",1.8272
"11.04.2012",1.8358
"10.04.2012",1.8337
"09.04.2012",1.8173
"06.04.2012",1.8214
"05.04.2012",1.8214
"04.04.2012",1.8263
"03.04.2012",1.8255
"02.04.2012",1.8329
"30.03.2012",1.8264
"29.03.2012",1.8224
"28.03.2012",1.823
"27.03.2012",1.8219
"26.03.2012",1.8175
"23.03.2012",1.8106
"22.03.2012",1.8199
"21.03.2012",1.8226
"20.03.2012",1.8144
"19.03.2012",1.8215
"16.03.2012",1.8003
"15.03.2012",1.7991
"14.03.2012",1.8054
"13.03.2012",1.7926
"12.03.2012",1.7995
"09.03.2012",1.7914
"08.03.2012",1.7612
"07.03.2012",1.7665
"06.03.2012",1.7584
"05.03.2012",1.7394
"02.03.2012",1.7311
"01.03.2012",1.7138
"29.02.2012",1.7174
"28.02.2012",1.695
"27.02.2012",1.7077
"24.02.2012",1.7094
"23.02.2012",1.7137
"22.02.2012",1.7064
"21.02.2012",1.7175
"20.02.2012",1.7178
"17.02.2012",1.715
"16.02.2012",1.7165
"15.02.2012",1.7289
"14.02.2012",1.7211
"13.02.2012",1.7165
"10.02.2012",1.7208
"09.02.2012",1.7163
"08.02.2012",1.7214
"07.02.2012",1.726
"06.02.2012",1.7266
"03.02.2012",1.7161
"02.02.2012",1.7195
"01.02.2012",1.7342
"31.01.2012",1.7472
"30.01.2012",1.75
"27.01.2012",1.7374
"26.01.2012",1.7505
"25.01.2012",1.7605
"24.01.2012",1.7585
"23.01.2012",1.7552
"20.01.2012",1.7548
"19.01.2012",1.7655
"18.01.2012",1.7649
"17.01.2012",1.788
"16.01.2012",1.7859
"13.01.2012",1.7849
"12.01.2012",1.778
"11.01.2012",1.803
"10.01.2012",1.7995
"09.01.2012",1.8329
"06.01.2012",1.8579
"05.01.2012",1.8437
"04.01.2012",1.8323
"03.01.2012",1.8304
"02.01.2012",1.8708
"30.12.2011",1.8632
"29.12.2011",1.8657
"28.12.2011",1.874
"27.12.2011",1.8613
"26.12.2011",1.8558
"23.12.2011",1.8567
"22.12.2011",1.8562
"21.12.2011",1.8607
"20.12.2011",1.845
"19.12.2011",1.8687
"16.12.2011",1.852
"15.12.2011",1.8602
"14.12.2011",1.8798
"13.12.2011",1.8647
"12.12.2011",1.8439
"09.12.2011",1.7979
"08.12.2011",1.822
"07.12.2011",1.7992
"06.12.2011",1.7915
"05.12.2011",1.7857
"02.12.2011",1.7912
"01.12.2011",1.8
"30.11.2011",1.8083
"29.11.2011",1.845
"28.11.2011",1.8542
"25.11.2011",1.892
"24.11.2011",1.8981
"23.11.2011",1.8672
"22.11.2011",1.8184
"21.11.2011",1.8081
"18.11.2011",1.786
"17.11.2011",1.7785
"16.11.2011",1.7697
"15.11.2011",1.7721
"14.11.2011",1.7671
"11.11.2011",1.7424
"10.11.2011",1.7614
"09.11.2011",1.7795
"08.11.2011",1.7323
"07.11.2011",1.7464
"04.11.2011",1.7525
"03.11.2011",1.7367
"02.11.2011",1.736
"01.11.2011",1.745
"31.10.2011",1.7172
"28.10.2011",1.6725
"27.10.2011",1.7095
"26.10.2011",1.7584
"25.10.2011",1.766
"24.10.2011",1.7508
"21.10.2011",1.7748
"20.10.2011",1.7812
"19.10.2011",1.7731
"18.10.2011",1.7524
"17.10.2011",1.7736
"14.10.2011",1.7319
"13.10.2011",1.7508
"12.10.2011",1.775
"11.10.2011",1.775
"10.10.2011",1.7624
"07.10.2011",1.7717
"06.10.2011",1.7805
"05.10.2011",1.8317
"04.10.2011",1.8575
"03.10.2011",1.893
"30.09.2011",1.879
"29.09.2011",1.8425
"28.09.2011",1.8372
"27.09.2011",1.8042
"26.09.2011",1.8225
"23.09.2011",1.8333
"22.09.2011",1.9033
"21.09.2011",1.8838
"20.09.2011",1.7856
"19.09.2011",1.7997
"16.09.2011",1.7327
"15.09.2011",1.705
"14.09.2011",1.714
"13.09.2011",1.71
"12.09.2011",1.7037
"09.09.2011",1.6729
"08.09.2011",1.6595
"07.09.2011",1.654
"06.09.2011",1.6553
"05.09.2011",1.6454
"02.09.2011",1.6415
"01.09.2011",1.62
"31.08.2011",1.5892
"30.08.2011",1.5963
"29.08.2011",1.5912
"26.08.2011",1.6031
"25.08.2011",1.6096
"24.08.2011",1.6137
"23.08.2011",1.5968
"22.08.2011",1.6073
"19.08.2011",1.5998
"18.08.2011",1.5989
"17.08.2011",1.5888
"16.08.2011",1.5899
"15.08.2011",1.5882
"12.08.2011",1.611
"11.08.2011",1.6272
"10.08.2011",1.6235
"09.08.2011",1.5894
"08.08.2011",1.6265
"05.08.2011",1.5759
"04.08.2011",1.5873
"03.08.2011",1.5621
"02.08.2011",1.566
"01.08.2011",1.5666
"29.07.2011",1.549
"28.07.2011",1.567
"27.07.2011",1.5553
"26.07.2011",1.5383
"25.07.2011",1.5402
"22.07.2011",1.5522
"21.07.2011",1.5527
"20.07.2011",1.5654
"19.07.2011",1.5663
"18.07.2011",1.5771
"15.07.2011",1.5746
"14.07.2011",1.577
"13.07.2011",1.5719
"12.07.2011",1.5795
"11.07.2011",1.5803
"08.07.2011",1.5654
"07.07.2011",1.5553
"06.07.2011",1.5692
"05.07.2011",1.5653
"04.07.2011",1.5527
"01.07.2011",1.5573
"30.06.2011",1.5622
"29.06.2011",1.5674
"28.06.2011",1.5762
"27.06.2011",1.594
"24.06.2011",1.6044
"23.06.2011",1.5913
"22.06.2011",1.5914
"21.06.2011",1.5865
"20.06.2011",1.5962
"17.06.2011",1.598
"16.06.2011",1.6024
"15.06.2011",1.6002
"14.06.2011",1.5828
"13.06.2011",1.5832
"10.06.2011",1.5963
"09.06.2011",1.5829
"08.06.2011",1.5812
"07.06.2011",1.5808
"06.06.2011",1.5841
"03.06.2011",1.576
"02.06.2011",1.5754
"01.06.2011",1.5933
"31.05.2011",1.58
"30.05.2011",1.5885
"27.05.2011",1.5945
"26.05.2011",1.6158
"25.05.2011",1.6289
"24.05.2011",1.624
"23.05.2011",1.6335
"20.05.2011",1.6225
"19.05.2011",1.6165
"18.05.2011",1.6093
"17.05.2011",1.6159
"16.05.2011",1.6346
"13.05.2011",1.6361
"12.05.2011",1.6196
"11.05.2011",1.6209
"10.05.2011",1.6037
"09.05.2011",1.6134
"06.05.2011",1.6153
"05.05.2011",1.6215
"04.05.2011",1.6158
"03.05.2011",1.5883
"02.05.2011",1.5888
"29.04.2011",1.5775
"28.04.2011",1.5817
"27.04.2011",1.5669
"26.04.2011",1.5619
"25.04.2011",1.5685
"22.04.2011",1.564
"21.04.2011",1.564
"20.04.2011",1.5664
"19.04.2011",1.5755
"18.04.2011",1.5882
"15.04.2011",1.5758
"14.04.2011",1.5778
"13.04.2011",1.5862
"12.04.2011",1.596
"11.04.2011",1.5829
"08.04.2011",1.5689
"07.04.2011",1.586
"06.04.2011",1.6149
"05.04.2011",1.6082
"04.04.2011",1.6072
"01.04.2011",1.6275
"31.03.2011",1.632
"30.03.2011",1.6284
"29.03.2011",1.646
"28.03.2011",1.6629
"25.03.2011",1.6615
"24.03.2011",1.6593
"23.03.2011",1.6611
"22.03.2011",1.6595
"21.03.2011",1.6669
"18.03.2011",1.6655
"17.03.2011",1.6782
"16.03.2011",1.6757
"15.03.2011",1.6655
"14.03.2011",1.6593
"11.03.2011",1.665
"10.03.2011",1.6623
"09.03.2011",1.6538
"08.03.2011",1.654
"07.03.2011",1.6526
"04.03.2011",1.6555
"03.03.2011",1.6489
"02.03.2011",1.6575
"01.03.2011",1.6633
"28.02.2011",1.6638
"25.02.2011",1.6632
"24.02.2011",1.664
"23.02.2011",1.6745
"22.02.2011",1.6721
"21.02.2011",1.6684
"18.02.2011",1.6628
"17.02.2011",1.6615
"16.02.2011",1.6705
"15.02.2011",1.669
"14.02.2011",1.667
"11.02.2011",1.6656
"10.02.2011",1.6686
"09.02.2011",1.6596
"08.02.2011",1.665
"07.02.2011",1.6789
"04.02.2011",1.6735
"03.02.2011",1.6683
"02.02.2011",1.6681
"01.02.2011",1.6648
"31.01.2011",1.6675
"28.01.2011",1.6823
"27.01.2011",1.6762
"26.01.2011",1.6678
"25.01.2011",1.6717
"24.01.2011",1.6713
"21.01.2011",1.6764
"20.01.2011",1.6738
"19.01.2011",1.6705
"18.01.2011",1.6742
"17.01.2011",1.6801
"14.01.2011",1.6856
"13.01.2011",1.6726
"12.01.2011",1.6731
"11.01.2011",1.6834
"10.01.2011",1.6888
"07.01.2011",1.6832
"06.01.2011",1.6856
"05.01.2011",1.6737
"04.01.2011",1.661
"03.01.2011",1.647
"31.12.2010",1.6595
"30.12.2010",1.66
"29.12.2010",1.677
"28.12.2010",1.6912
"27.12.2010",1.6856
"24.12.2010",1.6909
"23.12.2010",1.6903
"22.12.2010",1.6999
"21.12.2010",1.6952
"20.12.2010",1.7062
"17.12.2010",1.7138
"16.12.2010",1.7031
"15.12.2010",1.7096
"14.12.2010",1.6971
"13.12.2010",1.6935
"10.12.2010",1.7066
"09.12.2010",1.7094
"08.12.2010",1.6898
"07.12.2010",1.682
"06.12.2010",1.6749
"03.12.2010",1.6875
"02.12.2010",1.696
"01.12.2010",1.7052
"30.11.2010",1.715
"29.11.2010",1.7183
"26.11.2010",1.7269
"25.11.2010",1.7211
"24.11.2010",1.721
"23.11.2010",1.7357
"22.11.2010",1.7213
"19.11.2010",1.7154
"18.11.2010",1.7115
"17.11.2010",1.7264
"16.11.2010",1.7403
"15.11.2010",1.7218
"12.11.2010",1.7219
"11.11.2010",1.7158
"10.11.2010",1.7076
"09.11.2010",1.7007
"08.11.2010",1.7003
"05.11.2010",1.6785
"04.11.2010",1.67
"03.11.2010",1.6899
"02.11.2010",1.7039
"01.11.2010",1.7038
"29.10.2010",1.7012
"28.10.2010",1.7045
"27.10.2010",1.7203
"26.10.2010",1.7033
"25.10.2010",1.6958
"22.10.2010",1.7059
"21.10.2010",1.6969
"20.10.2010",1.6762
"19.10.2010",1.6824
"18.10.2010",1.6725
"15.10.2010",1.6656
"14.10.2010",1.6597
"13.10.2010",1.6522
"12.10.2010",1.6707
"11.10.2010",1.6706
"08.10.2010",1.6656
"07.10.2010",1.6812
"06.10.2010",1.6782
"05.10.2010",1.6636
"04.10.2010",1.6977
"01.10.2010",1.6897
"30.09.2010",1.6876
"29.09.2010",1.7005
"28.09.2010",1.708
"27.09.2010",1.7099
"24.09.2010",1.7088
"23.09.2010",1.7228
"22.09.2010",1.7187
"21.09.2010",1.7116
"20.09.2010",1.7328
"17.09.2010",1.7217
"16.09.2010",1.7123
"15.09.2010",1.7237
"14.09.2010",1.71
"13.09.2010",1.7098
"10.09.2010",1.7218
"09.09.2010",1.7201
"08.09.2010",1.7256
"07.09.2010",1.734
"06.09.2010",1.7269
"03.09.2010",1.7325
"02.09.2010",1.7256
"01.09.2010",1.745
"31.08.2010",1.755
"30.08.2010",1.759
"27.08.2010",1.7493
"26.08.2010",1.7616
"25.08.2010",1.7635
"24.08.2010",1.7713
"23.08.2010",1.77
"20.08.2010",1.7562
"19.08.2010",1.7569
"18.08.2010",1.7515
"17.08.2010",1.7549
"16.08.2010",1.757
"13.08.2010",1.7723
"12.08.2010",1.7687
"11.08.2010",1.774
"10.08.2010",1.7527
"09.08.2010",1.748
"06.08.2010",1.76
"05.08.2010",1.7525
"04.08.2010",1.7517
"03.08.2010",1.7557
"02.08.2010",1.7511
"30.07.2010",1.754
"29.07.2010",1.7599
"28.07.2010",1.7658
"27.07.2010",1.7687
"26.07.2010",1.7622
"23.07.2010",1.7732
"22.07.2010",1.7578
"21.07.2010",1.7807
"20.07.2010",1.7738
"19.07.2010",1.7924
"16.07.2010",1.783
"15.07.2010",1.7631
"14.07.2010",1.7631
"13.07.2010",1.754
"12.07.2010",1.7607
"09.07.2010",1.7585
"08.07.2010",1.7639
"07.07.2010",1.7658
"06.07.2010",1.7792
"05.07.2010",1.7751
"02.07.2010",1.771
"01.07.2010",1.7901
"30.06.2010",1.8039
"29.06.2010",1.8119
"28.06.2010",1.7814
"25.06.2010",1.7785
"24.06.2010",1.7822
"23.06.2010",1.7873
"22.06.2010",1.7881
"21.06.2010",1.7712
"18.06.2010",1.7713
"17.06.2010",1.7808
"16.06.2010",1.7853
"15.06.2010",1.7847
"14.06.2010",1.8113
"11.06.2010",1.8092
"10.06.2010",1.8025
"09.06.2010",1.8502
"08.06.2010",1.8538
"07.06.2010",1.8795
"04.06.2010",1.8647
"03.06.2010",1.8196
"02.06.2010",1.818
"01.06.2010",1.848
"31.05.2010",1.8201
"28.05.2010",1.8173
"27.05.2010",1.8143
"26.05.2010",1.8722
"25.05.2010",1.8438
"24.05.2010",1.8695
"21.05.2010",1.853
"20.05.2010",1.8819
"19.05.2010",1.8272
"18.05.2010",1.8206
"17.05.2010",1.8003
"14.05.2010",1.7993
"13.05.2010",1.7736
"12.05.2010",1.7723
"11.05.2010",1.7892
"10.05.2010",1.7715
"07.05.2010",1.837
"06.05.2010",1.8547
"05.05.2010",1.7933
"04.05.2010",1.7635
"03.05.2010",1.7272
"30.04.2010",1.7375
"29.04.2010",1.729
"28.04.2010",1.751
"27.04.2010",1.7711
"26.04.2010",1.7462
"23.04.2010",1.7567
"22.04.2010",1.7643
"21.04.2010",1.7523
"20.04.2010",1.7523
"19.04.2010",1.755
"16.04.2010",1.7575
"15.04.2010",1.7487
"14.04.2010",1.7449
"13.04.2010",1.7495
"12.04.2010",1.7537
"09.04.2010",1.7652
"08.04.2010",1.7795
"07.04.2010",1.781
"06.04.2010",1.7544
"05.04.2010",1.7611
"02.04.2010",1.765
"01.04.2010",1.7647
"31.03.2010",1.7837
"30.03.2010",1.7891
"29.03.2010",1.7949
"26.03.2010",1.8181
"25.03.2010",1.8197
"24.03.2010",1.8002
"23.03.2010",1.7767
"22.03.2010",1.7869
"19.03.2010",1.8009
"18.03.2010",1.791
"17.03.2010",1.7674
"16.03.2010",1.7673
"15.03.2010",1.7635
"12.03.2010",1.763
"11.03.2010",1.7641
"10.03.2010",1.7685
"09.03.2010",1.7752
"08.03.2010",1.7873
"05.03.2010",1.7784
"04.03.2010",1.7885
"03.03.2010",1.79
"02.03.2010",1.7919
"01.03.2010",1.7957
"26.02.2010",1.8072
"25.02.2010",1.8235
"24.02.2010",1.825
"23.02.2010",1.8255
"22.02.2010",1.8115
"19.02.2010",1.8045
"18.02.2010",1.8275
"17.02.2010",1.8326
"16.02.2010",1.8379
"15.02.2010",1.8545
"12.02.2010",1.8509
"11.02.2010",1.8535
"10.02.2010",1.8565
"09.02.2010",1.8475
"08.02.2010",1.8762
"05.02.2010",1.882
"04.02.2010",1.8739
"03.02.2010",1.8505
"02.02.2010",1.8297
"01.02.2010",1.8575
"29.01.2010",1.885
"28.01.2010",1.87
"27.01.2010",1.853
"26.01.2010",1.836
"25.01.2010",1.821
"22.01.2010",1.8162
"21.01.2010",1.8035
"20.01.2010",1.7895
"19.01.2010",1.7708
"18.01.2010",1.76
"15.01.2010",1.7717
"14.01.2010",1.7585
"13.01.2010",1.757
"12.01.2010",1.748
"11.01.2010",1.736
"08.01.2010",1.7262
"07.01.2010",1.7465
"06.01.2010",1.7325
"05.01.2010",1.731
"04.01.2010",1.7212
"01.01.2010",1.743
